archive_date_ist,status,tag,manifest_sha256,forecast_rows,missing,recorded_utc,run_id
2026-09-28,published,archive-daily-2026-09-28,0e1a7a5aad8be7a7982896eeba2caac58a6ebe1672f51cc3fd443b23613b917a,5616,0,2026-09-27T20:12:01+00:00,36346968339
2026-09-28,refused,,b518419093be86813b81eaac3a121809ff37801b610aca28b57ee7dae4eaeeab,5616,0,2026-09-27T20:15:53+00:00,36347335335
2026-09-28,refused,,23810c8b89cefa220cf4fa20898af50871f4372b55bac89842b0c958e6a0323a,5615,1,2026-09-27T20:16:53+00:00,36347404057
2026-09-28,refused,,2083c6afaf9fb4c07afcbf927e231990a6d4489ab016e9e5d354139938f955b5,5616,1,2026-09-27T20:19:44+00:00,36347567385
2026-09-29,published,archive-daily-2026-09-29,a0dec8068df1bda5dc9bac25af61e982a9cc9ca32f0a3aad61824a5d65c26b98,5616,0,2026-09-29T11:29:50+00:00,36562007375
2026-09-30,published,archive-daily-2026-09-30,e02abf2f8348bd2ac853d49de6cf4e7a6f5992adb00287eb187bddba7c3d0540,5616,0,2026-09-30T11:17:59+00:00,36707552814
2026-10-01,refused,,d602b82ac98e1a1ea707f0df360183e2e45ab8c9a04abad809ad685428b12871,4176,0,2026-10-01T11:51:15+00:00,36857233120
2026-10-01,published,archive-daily-2026-10-01,d0dddd88847db114f6ecd311a73e885cc1124d6041bd23f4cb235099728bd00e,5616,0,2026-10-01T16:38:19+00:00,36893367675
2026-10-02,published,archive-daily-2026-10-02,1362760e4cd16db3d1ac5085004b49bffd220dd8795ac61591ec40c4c5fb63a1,5616,0,2026-10-02T11:15:04+00:00,36999876729
2026-10-03,published,archive-daily-2026-10-03,36c351ba74427b12b8ed5ac8293fca8bcb611deede41078a401397d96762fc9f,5616,0,2026-10-03T10:34:37+00:00,37116680486
2026-10-04,published,archive-daily-2026-10-04,c8a0045223bc41d12261068311369b07161adc5df5ef2a7709d2001e910c7bc8,5616,0,2026-10-04T11:15:12+00:00,37197944462
