experiment,model,variable,lead,reason,forecast_category,reference_category,n_excluded
A1,ecmwf_ifs025,tmax,1,B,B,none,144
A1,ecmwf_ifs025,tmax,2,B,B,none,180
A1,ecmwf_ifs025,tmax,3,B,B,none,216
A1,ecmwf_ifs025,tmax,4,B,B,none,252
A1,ecmwf_ifs025,tmax,5,B,B,none,288
A1,ecmwf_ifs025,tmax,6,B,B,none,324
A1,ecmwf_ifs025,tmax,7,B,B,none,360
A1,ecmwf_ifs025,tmin,1,B,B,none,144
A1,ecmwf_ifs025,tmin,2,B,B,none,180
A1,ecmwf_ifs025,tmin,3,B,B,none,216
A1,ecmwf_ifs025,tmin,4,B,B,none,252
A1,ecmwf_ifs025,tmin,5,B,B,none,288
A1,ecmwf_ifs025,tmin,6,B,B,none,324
A1,ecmwf_ifs025,tmin,7,B,B,none,360
A1,icon_global,tmax,1,C,C,none,144
A1,icon_global,tmax,3,C,C,none,144
A1,icon_global,tmax,4,C,C,none,144
A1,icon_global,tmax,5,C,C,none,144
A1,icon_global,tmax,6,C,C,none,144
A1,icon_global,tmax,7,A,A,none,33948
A1,icon_global,tmin,1,C,C,none,144
A1,icon_global,tmin,3,C,C,none,144
A1,icon_global,tmin,4,C,C,none,144
A1,icon_global,tmin,5,C,C,none,144
A1,icon_global,tmin,6,C,C,none,144
A1,icon_global,tmin,7,A,A,none,33948
A2,ecmwf_ifs025,tmax,1,B,B,E,8
A2,ecmwf_ifs025,tmax,1,B,B,F,4
A2,ecmwf_ifs025,tmax,1,B,B,G,120
A2,ecmwf_ifs025,tmax,1,B,B,none,12
A2,ecmwf_ifs025,tmax,1,E,none,E,747
A2,ecmwf_ifs025,tmax,1,F,none,F,2269
A2,ecmwf_ifs025,tmax,1,G,none,G,28170
A2,ecmwf_ifs025,tmax,2,B,B,E,10
A2,ecmwf_ifs025,tmax,2,B,B,F,5
A2,ecmwf_ifs025,tmax,2,B,B,G,150
A2,ecmwf_ifs025,tmax,2,B,B,none,15
A2,ecmwf_ifs025,tmax,2,E,none,E,745
A2,ecmwf_ifs025,tmax,2,F,none,F,2268
A2,ecmwf_ifs025,tmax,2,G,none,G,28140
A2,ecmwf_ifs025,tmax,3,B,B,E,12
A2,ecmwf_ifs025,tmax,3,B,B,F,6
A2,ecmwf_ifs025,tmax,3,B,B,G,180
A2,ecmwf_ifs025,tmax,3,B,B,none,18
A2,ecmwf_ifs025,tmax,3,E,none,E,743
A2,ecmwf_ifs025,tmax,3,F,none,F,2267
A2,ecmwf_ifs025,tmax,3,G,none,G,28110
A2,ecmwf_ifs025,tmax,4,B,B,E,13
A2,ecmwf_ifs025,tmax,4,B,B,F,8
A2,ecmwf_ifs025,tmax,4,B,B,G,210
A2,ecmwf_ifs025,tmax,4,B,B,none,21
A2,ecmwf_ifs025,tmax,4,E,none,E,742
A2,ecmwf_ifs025,tmax,4,F,none,F,2265
A2,ecmwf_ifs025,tmax,4,G,none,G,28080
A2,ecmwf_ifs025,tmax,5,B,B,E,15
A2,ecmwf_ifs025,tmax,5,B,B,F,9
A2,ecmwf_ifs025,tmax,5,B,B,G,240
A2,ecmwf_ifs025,tmax,5,B,B,none,24
A2,ecmwf_ifs025,tmax,5,E,none,E,740
A2,ecmwf_ifs025,tmax,5,F,none,F,2264
A2,ecmwf_ifs025,tmax,5,G,none,G,28050
A2,ecmwf_ifs025,tmax,6,B,B,E,17
A2,ecmwf_ifs025,tmax,6,B,B,F,9
A2,ecmwf_ifs025,tmax,6,B,B,G,270
A2,ecmwf_ifs025,tmax,6,B,B,none,28
A2,ecmwf_ifs025,tmax,6,E,none,E,738
A2,ecmwf_ifs025,tmax,6,F,none,F,2264
A2,ecmwf_ifs025,tmax,6,G,none,G,28020
A2,ecmwf_ifs025,tmax,7,B,B,E,19
A2,ecmwf_ifs025,tmax,7,B,B,F,11
A2,ecmwf_ifs025,tmax,7,B,B,G,300
A2,ecmwf_ifs025,tmax,7,B,B,none,30
A2,ecmwf_ifs025,tmax,7,E,none,E,736
A2,ecmwf_ifs025,tmax,7,F,none,F,2262
A2,ecmwf_ifs025,tmax,7,G,none,G,27990
A2,ecmwf_ifs025,tmin,1,B,B,E,8
A2,ecmwf_ifs025,tmin,1,B,B,F,4
A2,ecmwf_ifs025,tmin,1,B,B,G,120
A2,ecmwf_ifs025,tmin,1,B,B,none,12
A2,ecmwf_ifs025,tmin,1,E,none,E,747
A2,ecmwf_ifs025,tmin,1,F,none,F,2269
A2,ecmwf_ifs025,tmin,1,G,none,G,28170
A2,ecmwf_ifs025,tmin,2,B,B,E,10
A2,ecmwf_ifs025,tmin,2,B,B,F,5
A2,ecmwf_ifs025,tmin,2,B,B,G,150
A2,ecmwf_ifs025,tmin,2,B,B,none,15
A2,ecmwf_ifs025,tmin,2,E,none,E,745
A2,ecmwf_ifs025,tmin,2,F,none,F,2268
A2,ecmwf_ifs025,tmin,2,G,none,G,28140
A2,ecmwf_ifs025,tmin,3,B,B,E,12
A2,ecmwf_ifs025,tmin,3,B,B,F,6
A2,ecmwf_ifs025,tmin,3,B,B,G,180
A2,ecmwf_ifs025,tmin,3,B,B,none,18
A2,ecmwf_ifs025,tmin,3,E,none,E,743
A2,ecmwf_ifs025,tmin,3,F,none,F,2267
A2,ecmwf_ifs025,tmin,3,G,none,G,28110
A2,ecmwf_ifs025,tmin,4,B,B,E,13
A2,ecmwf_ifs025,tmin,4,B,B,F,8
A2,ecmwf_ifs025,tmin,4,B,B,G,210
A2,ecmwf_ifs025,tmin,4,B,B,none,21
A2,ecmwf_ifs025,tmin,4,E,none,E,742
A2,ecmwf_ifs025,tmin,4,F,none,F,2265
A2,ecmwf_ifs025,tmin,4,G,none,G,28080
A2,ecmwf_ifs025,tmin,5,B,B,E,15
A2,ecmwf_ifs025,tmin,5,B,B,F,9
A2,ecmwf_ifs025,tmin,5,B,B,G,240
A2,ecmwf_ifs025,tmin,5,B,B,none,24
A2,ecmwf_ifs025,tmin,5,E,none,E,740
A2,ecmwf_ifs025,tmin,5,F,none,F,2264
A2,ecmwf_ifs025,tmin,5,G,none,G,28050
A2,ecmwf_ifs025,tmin,6,B,B,E,17
A2,ecmwf_ifs025,tmin,6,B,B,F,9
A2,ecmwf_ifs025,tmin,6,B,B,G,270
A2,ecmwf_ifs025,tmin,6,B,B,none,28
A2,ecmwf_ifs025,tmin,6,E,none,E,738
A2,ecmwf_ifs025,tmin,6,F,none,F,2264
A2,ecmwf_ifs025,tmin,6,G,none,G,28020
A2,ecmwf_ifs025,tmin,7,B,B,E,19
A2,ecmwf_ifs025,tmin,7,B,B,F,11
A2,ecmwf_ifs025,tmin,7,B,B,G,300
A2,ecmwf_ifs025,tmin,7,B,B,none,30
A2,ecmwf_ifs025,tmin,7,E,none,E,736
A2,ecmwf_ifs025,tmin,7,F,none,F,2262
A2,ecmwf_ifs025,tmin,7,G,none,G,27990
A2,gfs_global,tmax,1,E,none,E,755
A2,gfs_global,tmax,1,F,none,F,2273
A2,gfs_global,tmax,1,G,none,G,28290
A2,gfs_global,tmax,2,E,none,E,755
A2,gfs_global,tmax,2,F,none,F,2273
A2,gfs_global,tmax,2,G,none,G,28290
A2,gfs_global,tmax,3,E,none,E,755
A2,gfs_global,tmax,3,F,none,F,2273
A2,gfs_global,tmax,3,G,none,G,28290
A2,gfs_global,tmax,4,E,none,E,755
A2,gfs_global,tmax,4,F,none,F,2273
A2,gfs_global,tmax,4,G,none,G,28290
A2,gfs_global,tmax,5,E,none,E,755
A2,gfs_global,tmax,5,F,none,F,2273
A2,gfs_global,tmax,5,G,none,G,28290
A2,gfs_global,tmax,6,E,none,E,755
A2,gfs_global,tmax,6,F,none,F,2273
A2,gfs_global,tmax,6,G,none,G,28290
A2,gfs_global,tmax,7,E,none,E,755
A2,gfs_global,tmax,7,F,none,F,2273
A2,gfs_global,tmax,7,G,none,G,28290
A2,gfs_global,tmin,1,E,none,E,755
A2,gfs_global,tmin,1,F,none,F,2273
A2,gfs_global,tmin,1,G,none,G,28290
A2,gfs_global,tmin,2,E,none,E,755
A2,gfs_global,tmin,2,F,none,F,2273
A2,gfs_global,tmin,2,G,none,G,28290
A2,gfs_global,tmin,3,E,none,E,755
A2,gfs_global,tmin,3,F,none,F,2273
A2,gfs_global,tmin,3,G,none,G,28290
A2,gfs_global,tmin,4,E,none,E,755
A2,gfs_global,tmin,4,F,none,F,2273
A2,gfs_global,tmin,4,G,none,G,28290
A2,gfs_global,tmin,5,E,none,E,755
A2,gfs_global,tmin,5,F,none,F,2273
A2,gfs_global,tmin,5,G,none,G,28290
A2,gfs_global,tmin,6,E,none,E,755
A2,gfs_global,tmin,6,F,none,F,2273
A2,gfs_global,tmin,6,G,none,G,28290
A2,gfs_global,tmin,7,E,none,E,755
A2,gfs_global,tmin,7,F,none,F,2273
A2,gfs_global,tmin,7,G,none,G,28290
A2,icon_global,tmax,1,C,C,E,4
A2,icon_global,tmax,1,C,C,F,9
A2,icon_global,tmax,1,C,C,G,120
A2,icon_global,tmax,1,C,C,none,11
A2,icon_global,tmax,1,E,none,E,751
A2,icon_global,tmax,1,F,none,F,2264
A2,icon_global,tmax,1,G,none,G,28170
A2,icon_global,tmax,2,E,none,E,755
A2,icon_global,tmax,2,F,none,F,2273
A2,icon_global,tmax,2,G,none,G,28290
A2,icon_global,tmax,3,C,C,E,4
A2,icon_global,tmax,3,C,C,F,9
A2,icon_global,tmax,3,C,C,G,120
A2,icon_global,tmax,3,C,C,none,11
A2,icon_global,tmax,3,E,none,E,751
A2,icon_global,tmax,3,F,none,F,2264
A2,icon_global,tmax,3,G,none,G,28170
A2,icon_global,tmax,4,C,C,E,4
A2,icon_global,tmax,4,C,C,F,9
A2,icon_global,tmax,4,C,C,G,120
A2,icon_global,tmax,4,C,C,none,11
A2,icon_global,tmax,4,E,none,E,751
A2,icon_global,tmax,4,F,none,F,2264
A2,icon_global,tmax,4,G,none,G,28170
A2,icon_global,tmax,5,C,C,E,4
A2,icon_global,tmax,5,C,C,F,9
A2,icon_global,tmax,5,C,C,G,120
A2,icon_global,tmax,5,C,C,none,11
A2,icon_global,tmax,5,E,none,E,751
A2,icon_global,tmax,5,F,none,F,2264
A2,icon_global,tmax,5,G,none,G,28170
A2,icon_global,tmax,6,C,C,E,4
A2,icon_global,tmax,6,C,C,F,9
A2,icon_global,tmax,6,C,C,G,120
A2,icon_global,tmax,6,C,C,none,11
A2,icon_global,tmax,6,E,none,E,751
A2,icon_global,tmax,6,F,none,F,2264
A2,icon_global,tmax,6,G,none,G,28170
A2,icon_global,tmax,7,A,A,E,755
A2,icon_global,tmax,7,A,A,F,2273
A2,icon_global,tmax,7,A,A,G,28290
A2,icon_global,tmax,7,A,A,none,2630
A2,icon_global,tmin,1,C,C,E,4
A2,icon_global,tmin,1,C,C,F,9
A2,icon_global,tmin,1,C,C,G,120
A2,icon_global,tmin,1,C,C,none,11
A2,icon_global,tmin,1,E,none,E,751
A2,icon_global,tmin,1,F,none,F,2264
A2,icon_global,tmin,1,G,none,G,28170
A2,icon_global,tmin,2,E,none,E,755
A2,icon_global,tmin,2,F,none,F,2273
A2,icon_global,tmin,2,G,none,G,28290
A2,icon_global,tmin,3,C,C,E,4
A2,icon_global,tmin,3,C,C,F,9
A2,icon_global,tmin,3,C,C,G,120
A2,icon_global,tmin,3,C,C,none,11
A2,icon_global,tmin,3,E,none,E,751
A2,icon_global,tmin,3,F,none,F,2264
A2,icon_global,tmin,3,G,none,G,28170
A2,icon_global,tmin,4,C,C,E,4
A2,icon_global,tmin,4,C,C,F,9
A2,icon_global,tmin,4,C,C,G,120
A2,icon_global,tmin,4,C,C,none,11
A2,icon_global,tmin,4,E,none,E,751
A2,icon_global,tmin,4,F,none,F,2264
A2,icon_global,tmin,4,G,none,G,28170
A2,icon_global,tmin,5,C,C,E,4
A2,icon_global,tmin,5,C,C,F,9
A2,icon_global,tmin,5,C,C,G,120
A2,icon_global,tmin,5,C,C,none,11
A2,icon_global,tmin,5,E,none,E,751
A2,icon_global,tmin,5,F,none,F,2264
A2,icon_global,tmin,5,G,none,G,28170
A2,icon_global,tmin,6,C,C,E,4
A2,icon_global,tmin,6,C,C,F,9
A2,icon_global,tmin,6,C,C,G,120
A2,icon_global,tmin,6,C,C,none,11
A2,icon_global,tmin,6,E,none,E,751
A2,icon_global,tmin,6,F,none,F,2264
A2,icon_global,tmin,6,G,none,G,28170
A2,icon_global,tmin,7,A,A,E,755
A2,icon_global,tmin,7,A,A,F,2273
A2,icon_global,tmin,7,A,A,G,28290
A2,icon_global,tmin,7,A,A,none,2630
A3,ecmwf_ifs025,precip_0830,1,B,B,G,6
A3,ecmwf_ifs025,precip_0830,1,B,B,none,102
A3,ecmwf_ifs025,precip_0830,1,E,none,E,8784
A3,ecmwf_ifs025,precip_0830,1,G,none,G,1392
A3,ecmwf_ifs025,precip_0830,2,B,B,G,8
A3,ecmwf_ifs025,precip_0830,2,B,B,none,136
A3,ecmwf_ifs025,precip_0830,2,E,none,E,8784
A3,ecmwf_ifs025,precip_0830,2,G,none,G,1390
A3,ecmwf_ifs025,precip_0830,3,B,B,G,10
A3,ecmwf_ifs025,precip_0830,3,B,B,none,170
A3,ecmwf_ifs025,precip_0830,3,E,none,E,8784
A3,ecmwf_ifs025,precip_0830,3,G,none,G,1388
A3,ecmwf_ifs025,precip_0830,4,B,B,G,12
A3,ecmwf_ifs025,precip_0830,4,B,B,none,204
A3,ecmwf_ifs025,precip_0830,4,E,none,E,8784
A3,ecmwf_ifs025,precip_0830,4,G,none,G,1386
A3,ecmwf_ifs025,precip_0830,5,B,B,G,14
A3,ecmwf_ifs025,precip_0830,5,B,B,none,238
A3,ecmwf_ifs025,precip_0830,5,C,C,E,216
A3,ecmwf_ifs025,precip_0830,5,E,none,E,8568
A3,ecmwf_ifs025,precip_0830,5,G,none,G,1384
A3,ecmwf_ifs025,precip_0830,6,B,B,G,16
A3,ecmwf_ifs025,precip_0830,6,B,B,none,272
A3,ecmwf_ifs025,precip_0830,6,E,none,E,8784
A3,ecmwf_ifs025,precip_0830,6,G,none,G,1382
A3,ecmwf_ifs025,precip_0830,7,B,B,G,18
A3,ecmwf_ifs025,precip_0830,7,B,B,none,306
A3,ecmwf_ifs025,precip_0830,7,C,C,E,216
A3,ecmwf_ifs025,precip_0830,7,E,none,E,8568
A3,ecmwf_ifs025,precip_0830,7,G,none,G,1380
A3,gfs_global,precip_0830,1,E,none,E,8784
A3,gfs_global,precip_0830,1,G,none,G,1398
A3,gfs_global,precip_0830,2,E,none,E,8784
A3,gfs_global,precip_0830,2,G,none,G,1398
A3,gfs_global,precip_0830,3,E,none,E,8784
A3,gfs_global,precip_0830,3,G,none,G,1398
A3,gfs_global,precip_0830,4,E,none,E,8784
A3,gfs_global,precip_0830,4,G,none,G,1398
A3,gfs_global,precip_0830,5,E,none,E,8784
A3,gfs_global,precip_0830,5,G,none,G,1398
A3,gfs_global,precip_0830,6,E,none,E,8784
A3,gfs_global,precip_0830,6,G,none,G,1398
A3,gfs_global,precip_0830,7,E,none,E,8784
A3,gfs_global,precip_0830,7,G,none,G,1398
A3,icon_global,precip_0830,1,C,C,E,180
A3,icon_global,precip_0830,1,E,none,E,8604
A3,icon_global,precip_0830,1,G,none,G,1398
A3,icon_global,precip_0830,2,C,C,E,180
A3,icon_global,precip_0830,2,E,none,E,8604
A3,icon_global,precip_0830,2,G,none,G,1398
A3,icon_global,precip_0830,3,E,none,E,8784
A3,icon_global,precip_0830,3,G,none,G,1398
A3,icon_global,precip_0830,4,E,none,E,8784
A3,icon_global,precip_0830,4,G,none,G,1398
A3,icon_global,precip_0830,5,E,none,E,8784
A3,icon_global,precip_0830,5,G,none,G,1398
A3,icon_global,precip_0830,6,C,C,E,180
A3,icon_global,precip_0830,6,E,none,E,8604
A3,icon_global,precip_0830,6,G,none,G,1398
A3,icon_global,precip_0830,7,A,A,E,8784
A3,icon_global,precip_0830,7,A,A,G,1398
A3,icon_global,precip_0830,7,A,A,none,23766
A4,ecmwf_ifs025,precip,1,B,B,none,144
A4,ecmwf_ifs025,precip,2,B,B,none,180
A4,ecmwf_ifs025,precip,3,B,B,none,216
A4,ecmwf_ifs025,precip,4,B,B,none,252
A4,ecmwf_ifs025,precip,5,B,B,none,288
A4,ecmwf_ifs025,precip,5,C,C,none,252
A4,ecmwf_ifs025,precip,6,B,B,none,324
A4,ecmwf_ifs025,precip,7,B,B,none,360
A4,ecmwf_ifs025,precip,7,C,C,none,252
A4,icon_global,precip,1,C,C,none,144
A4,icon_global,precip,2,C,C,none,144
A4,icon_global,precip,6,C,C,none,144
A4,icon_global,precip,7,A,A,none,33948
