reference,month,variable,rows,complete,points
era5,2024-07,gust_max,1116,1116,36
era5,2024-07,precip,1116,1116,36
era5,2024-07,precip_0830,1116,1116,36
era5,2024-07,tmax,1116,1116,36
era5,2024-07,tmin,1116,1116,36
era5,2025-01,gust_max,1116,1116,36
era5,2025-01,precip,1116,1116,36
era5,2025-01,precip_0830,1116,1116,36
era5,2025-01,tmax,1116,1116,36
era5,2025-01,tmin,1116,1116,36
imd_rf025,2025-01,precip_0830,1116,1054,36
metar,2024-07,fg_reports,527,253,17
metar,2024-07,gust_max_reported,527,80,17
metar,2024-07,ra_reports,527,253,17
metar,2024-07,tmax,527,253,17
metar,2024-07,tmin,527,253,17
metar,2024-07,ts_reports,527,253,17
metar,2024-07,vis_min,527,253,17
metar,2024-07,wind_max,527,253,17
metar,2025-01,fg_reports,527,244,17
metar,2025-01,gust_max_reported,527,8,17
metar,2025-01,ra_reports,527,244,17
metar,2025-01,tmax,527,244,17
metar,2025-01,tmin,527,244,17
metar,2025-01,ts_reports,527,244,17
metar,2025-01,vis_min,527,244,17
metar,2025-01,wind_max,527,244,17
