month,model,om_model,variable,nominal_lead_day,rows,complete
2024-07,ecmwf_ifs025,ecmwf_ifs025,gust_max,1,1116,0
2024-07,ecmwf_ifs025,ecmwf_ifs025,gust_max,2,1116,0
2024-07,ecmwf_ifs025,ecmwf_ifs025,gust_max,3,1116,0
2024-07,ecmwf_ifs025,ecmwf_ifs025,gust_max,4,1116,0
2024-07,ecmwf_ifs025,ecmwf_ifs025,gust_max,5,1116,0
2024-07,ecmwf_ifs025,ecmwf_ifs025,gust_max,6,1116,0
2024-07,ecmwf_ifs025,ecmwf_ifs025,gust_max,7,1116,0
2024-07,ecmwf_ifs025,ecmwf_ifs025,precip,1,1116,1116
2024-07,ecmwf_ifs025,ecmwf_ifs025,precip,2,1116,1116
2024-07,ecmwf_ifs025,ecmwf_ifs025,precip,3,1116,1116
2024-07,ecmwf_ifs025,ecmwf_ifs025,precip,4,1116,1116
2024-07,ecmwf_ifs025,ecmwf_ifs025,precip,5,1116,1116
2024-07,ecmwf_ifs025,ecmwf_ifs025,precip,6,1116,1116
2024-07,ecmwf_ifs025,ecmwf_ifs025,precip,7,1116,1116
2024-07,ecmwf_ifs025,ecmwf_ifs025,precip_0830,1,1116,1116
2024-07,ecmwf_ifs025,ecmwf_ifs025,precip_0830,2,1116,1116
2024-07,ecmwf_ifs025,ecmwf_ifs025,precip_0830,3,1116,1116
2024-07,ecmwf_ifs025,ecmwf_ifs025,precip_0830,4,1116,1116
2024-07,ecmwf_ifs025,ecmwf_ifs025,precip_0830,5,1116,1116
2024-07,ecmwf_ifs025,ecmwf_ifs025,precip_0830,6,1116,1116
2024-07,ecmwf_ifs025,ecmwf_ifs025,precip_0830,7,1116,1116
2024-07,ecmwf_ifs025,ecmwf_ifs025,tmax,1,1116,1116
2024-07,ecmwf_ifs025,ecmwf_ifs025,tmax,2,1116,1116
2024-07,ecmwf_ifs025,ecmwf_ifs025,tmax,3,1116,1116
2024-07,ecmwf_ifs025,ecmwf_ifs025,tmax,4,1116,1116
2024-07,ecmwf_ifs025,ecmwf_ifs025,tmax,5,1116,1116
2024-07,ecmwf_ifs025,ecmwf_ifs025,tmax,6,1116,1116
2024-07,ecmwf_ifs025,ecmwf_ifs025,tmax,7,1116,1116
2024-07,ecmwf_ifs025,ecmwf_ifs025,tmin,1,1116,1116
2024-07,ecmwf_ifs025,ecmwf_ifs025,tmin,2,1116,1116
2024-07,ecmwf_ifs025,ecmwf_ifs025,tmin,3,1116,1116
2024-07,ecmwf_ifs025,ecmwf_ifs025,tmin,4,1116,1116
2024-07,ecmwf_ifs025,ecmwf_ifs025,tmin,5,1116,1116
2024-07,ecmwf_ifs025,ecmwf_ifs025,tmin,6,1116,1116
2024-07,ecmwf_ifs025,ecmwf_ifs025,tmin,7,1116,1116
2024-07,gfs_global,gfs_global,gust_max,1,1116,1116
2024-07,gfs_global,gfs_global,gust_max,2,1116,1116
2024-07,gfs_global,gfs_global,gust_max,3,1116,1116
2024-07,gfs_global,gfs_global,gust_max,4,1116,1116
2024-07,gfs_global,gfs_global,gust_max,5,1116,1116
2024-07,gfs_global,gfs_global,gust_max,6,1116,1116
2024-07,gfs_global,gfs_global,gust_max,7,1116,1116
2024-07,gfs_global,gfs_global,precip,1,1116,1116
2024-07,gfs_global,gfs_global,precip,2,1116,1116
2024-07,gfs_global,gfs_global,precip,3,1116,1116
2024-07,gfs_global,gfs_global,precip,4,1116,1116
2024-07,gfs_global,gfs_global,precip,5,1116,1116
2024-07,gfs_global,gfs_global,precip,6,1116,1116
2024-07,gfs_global,gfs_global,precip,7,1116,1116
2024-07,gfs_global,gfs_global,precip_0830,1,1116,1116
2024-07,gfs_global,gfs_global,precip_0830,2,1116,1116
2024-07,gfs_global,gfs_global,precip_0830,3,1116,1116
2024-07,gfs_global,gfs_global,precip_0830,4,1116,1116
2024-07,gfs_global,gfs_global,precip_0830,5,1116,1116
2024-07,gfs_global,gfs_global,precip_0830,6,1116,1116
2024-07,gfs_global,gfs_global,precip_0830,7,1116,1116
2024-07,gfs_global,gfs_global,tmax,1,1116,1116
2024-07,gfs_global,gfs_global,tmax,2,1116,1116
2024-07,gfs_global,gfs_global,tmax,3,1116,1116
2024-07,gfs_global,gfs_global,tmax,4,1116,1116
2024-07,gfs_global,gfs_global,tmax,5,1116,1116
2024-07,gfs_global,gfs_global,tmax,6,1116,1116
2024-07,gfs_global,gfs_global,tmax,7,1116,1116
2024-07,gfs_global,gfs_global,tmin,1,1116,1116
2024-07,gfs_global,gfs_global,tmin,2,1116,1116
2024-07,gfs_global,gfs_global,tmin,3,1116,1116
2024-07,gfs_global,gfs_global,tmin,4,1116,1116
2024-07,gfs_global,gfs_global,tmin,5,1116,1116
2024-07,gfs_global,gfs_global,tmin,6,1116,1116
2024-07,gfs_global,gfs_global,tmin,7,1116,1116
2024-07,icon_global,icon_global,gust_max,1,1116,1116
2024-07,icon_global,icon_global,gust_max,2,1116,1116
2024-07,icon_global,icon_global,gust_max,3,1116,1116
2024-07,icon_global,icon_global,gust_max,4,1116,1116
2024-07,icon_global,icon_global,gust_max,5,1116,1116
2024-07,icon_global,icon_global,gust_max,6,1116,1116
2024-07,icon_global,icon_global,gust_max,7,1116,0
2024-07,icon_global,icon_global,precip,1,1116,1116
2024-07,icon_global,icon_global,precip,2,1116,1116
2024-07,icon_global,icon_global,precip,3,1116,1116
2024-07,icon_global,icon_global,precip,4,1116,1116
2024-07,icon_global,icon_global,precip,5,1116,1116
2024-07,icon_global,icon_global,precip,6,1116,1116
2024-07,icon_global,icon_global,precip,7,1116,0
2024-07,icon_global,icon_global,precip_0830,1,1116,1116
2024-07,icon_global,icon_global,precip_0830,2,1116,1116
2024-07,icon_global,icon_global,precip_0830,3,1116,1116
2024-07,icon_global,icon_global,precip_0830,4,1116,1116
2024-07,icon_global,icon_global,precip_0830,5,1116,1116
2024-07,icon_global,icon_global,precip_0830,6,1116,1116
2024-07,icon_global,icon_global,precip_0830,7,1116,0
2024-07,icon_global,icon_global,tmax,1,1116,1116
2024-07,icon_global,icon_global,tmax,2,1116,1116
2024-07,icon_global,icon_global,tmax,3,1116,1116
2024-07,icon_global,icon_global,tmax,4,1116,1116
2024-07,icon_global,icon_global,tmax,5,1116,1116
2024-07,icon_global,icon_global,tmax,6,1116,1116
2024-07,icon_global,icon_global,tmax,7,1116,0
2024-07,icon_global,icon_global,tmin,1,1116,1116
2024-07,icon_global,icon_global,tmin,2,1116,1116
2024-07,icon_global,icon_global,tmin,3,1116,1116
2024-07,icon_global,icon_global,tmin,4,1116,1116
2024-07,icon_global,icon_global,tmin,5,1116,1116
2024-07,icon_global,icon_global,tmin,6,1116,1116
2024-07,icon_global,icon_global,tmin,7,1116,0
2025-01,ecmwf_ifs025,ecmwf_ifs025,gust_max,1,1116,0
2025-01,ecmwf_ifs025,ecmwf_ifs025,gust_max,2,1116,0
2025-01,ecmwf_ifs025,ecmwf_ifs025,gust_max,3,1116,0
2025-01,ecmwf_ifs025,ecmwf_ifs025,gust_max,4,1116,0
2025-01,ecmwf_ifs025,ecmwf_ifs025,gust_max,5,1116,0
2025-01,ecmwf_ifs025,ecmwf_ifs025,gust_max,6,1116,0
2025-01,ecmwf_ifs025,ecmwf_ifs025,gust_max,7,1116,0
2025-01,ecmwf_ifs025,ecmwf_ifs025,precip,1,1116,1116
2025-01,ecmwf_ifs025,ecmwf_ifs025,precip,2,1116,1116
2025-01,ecmwf_ifs025,ecmwf_ifs025,precip,3,1116,1116
2025-01,ecmwf_ifs025,ecmwf_ifs025,precip,4,1116,1116
2025-01,ecmwf_ifs025,ecmwf_ifs025,precip,5,1116,1116
2025-01,ecmwf_ifs025,ecmwf_ifs025,precip,6,1116,1116
2025-01,ecmwf_ifs025,ecmwf_ifs025,precip,7,1116,1116
2025-01,ecmwf_ifs025,ecmwf_ifs025,precip_0830,1,1116,1116
2025-01,ecmwf_ifs025,ecmwf_ifs025,precip_0830,2,1116,1116
2025-01,ecmwf_ifs025,ecmwf_ifs025,precip_0830,3,1116,1116
2025-01,ecmwf_ifs025,ecmwf_ifs025,precip_0830,4,1116,1116
2025-01,ecmwf_ifs025,ecmwf_ifs025,precip_0830,5,1116,1116
2025-01,ecmwf_ifs025,ecmwf_ifs025,precip_0830,6,1116,1116
2025-01,ecmwf_ifs025,ecmwf_ifs025,precip_0830,7,1116,1116
2025-01,ecmwf_ifs025,ecmwf_ifs025,tmax,1,1116,1116
2025-01,ecmwf_ifs025,ecmwf_ifs025,tmax,2,1116,1116
2025-01,ecmwf_ifs025,ecmwf_ifs025,tmax,3,1116,1116
2025-01,ecmwf_ifs025,ecmwf_ifs025,tmax,4,1116,1116
2025-01,ecmwf_ifs025,ecmwf_ifs025,tmax,5,1116,1116
2025-01,ecmwf_ifs025,ecmwf_ifs025,tmax,6,1116,1116
2025-01,ecmwf_ifs025,ecmwf_ifs025,tmax,7,1116,1116
2025-01,ecmwf_ifs025,ecmwf_ifs025,tmin,1,1116,1116
2025-01,ecmwf_ifs025,ecmwf_ifs025,tmin,2,1116,1116
2025-01,ecmwf_ifs025,ecmwf_ifs025,tmin,3,1116,1116
2025-01,ecmwf_ifs025,ecmwf_ifs025,tmin,4,1116,1116
2025-01,ecmwf_ifs025,ecmwf_ifs025,tmin,5,1116,1116
2025-01,ecmwf_ifs025,ecmwf_ifs025,tmin,6,1116,1116
2025-01,ecmwf_ifs025,ecmwf_ifs025,tmin,7,1116,1116
2025-01,gfs_global,gfs_global,gust_max,1,1116,1116
2025-01,gfs_global,gfs_global,gust_max,2,1116,1116
2025-01,gfs_global,gfs_global,gust_max,3,1116,1116
2025-01,gfs_global,gfs_global,gust_max,4,1116,1116
2025-01,gfs_global,gfs_global,gust_max,5,1116,1116
2025-01,gfs_global,gfs_global,gust_max,6,1116,1116
2025-01,gfs_global,gfs_global,gust_max,7,1116,1116
2025-01,gfs_global,gfs_global,precip,1,1116,1116
2025-01,gfs_global,gfs_global,precip,2,1116,1116
2025-01,gfs_global,gfs_global,precip,3,1116,1116
2025-01,gfs_global,gfs_global,precip,4,1116,1116
2025-01,gfs_global,gfs_global,precip,5,1116,1116
2025-01,gfs_global,gfs_global,precip,6,1116,1116
2025-01,gfs_global,gfs_global,precip,7,1116,1116
2025-01,gfs_global,gfs_global,precip_0830,1,1116,1116
2025-01,gfs_global,gfs_global,precip_0830,2,1116,1116
2025-01,gfs_global,gfs_global,precip_0830,3,1116,1116
2025-01,gfs_global,gfs_global,precip_0830,4,1116,1116
2025-01,gfs_global,gfs_global,precip_0830,5,1116,1116
2025-01,gfs_global,gfs_global,precip_0830,6,1116,1116
2025-01,gfs_global,gfs_global,precip_0830,7,1116,1116
2025-01,gfs_global,gfs_global,tmax,1,1116,1116
2025-01,gfs_global,gfs_global,tmax,2,1116,1116
2025-01,gfs_global,gfs_global,tmax,3,1116,1116
2025-01,gfs_global,gfs_global,tmax,4,1116,1116
2025-01,gfs_global,gfs_global,tmax,5,1116,1116
2025-01,gfs_global,gfs_global,tmax,6,1116,1116
2025-01,gfs_global,gfs_global,tmax,7,1116,1116
2025-01,gfs_global,gfs_global,tmin,1,1116,1116
2025-01,gfs_global,gfs_global,tmin,2,1116,1116
2025-01,gfs_global,gfs_global,tmin,3,1116,1116
2025-01,gfs_global,gfs_global,tmin,4,1116,1116
2025-01,gfs_global,gfs_global,tmin,5,1116,1116
2025-01,gfs_global,gfs_global,tmin,6,1116,1116
2025-01,gfs_global,gfs_global,tmin,7,1116,1116
2025-01,icon_global,icon_global,gust_max,1,1116,1116
2025-01,icon_global,icon_global,gust_max,2,1116,1116
2025-01,icon_global,icon_global,gust_max,3,1116,1116
2025-01,icon_global,icon_global,gust_max,4,1116,1116
2025-01,icon_global,icon_global,gust_max,5,1116,1116
2025-01,icon_global,icon_global,gust_max,6,1116,1116
2025-01,icon_global,icon_global,gust_max,7,1116,0
2025-01,icon_global,icon_global,precip,1,1116,1116
2025-01,icon_global,icon_global,precip,2,1116,1116
2025-01,icon_global,icon_global,precip,3,1116,1116
2025-01,icon_global,icon_global,precip,4,1116,1116
2025-01,icon_global,icon_global,precip,5,1116,1116
2025-01,icon_global,icon_global,precip,6,1116,1116
2025-01,icon_global,icon_global,precip,7,1116,0
2025-01,icon_global,icon_global,precip_0830,1,1116,1116
2025-01,icon_global,icon_global,precip_0830,2,1116,1116
2025-01,icon_global,icon_global,precip_0830,3,1116,1116
2025-01,icon_global,icon_global,precip_0830,4,1116,1116
2025-01,icon_global,icon_global,precip_0830,5,1116,1116
2025-01,icon_global,icon_global,precip_0830,6,1116,1116
2025-01,icon_global,icon_global,precip_0830,7,1116,0
2025-01,icon_global,icon_global,tmax,1,1116,1116
2025-01,icon_global,icon_global,tmax,2,1116,1116
2025-01,icon_global,icon_global,tmax,3,1116,1116
2025-01,icon_global,icon_global,tmax,4,1116,1116
2025-01,icon_global,icon_global,tmax,5,1116,1116
2025-01,icon_global,icon_global,tmax,6,1116,1116
2025-01,icon_global,icon_global,tmax,7,1116,0
2025-01,icon_global,icon_global,tmin,1,1116,1116
2025-01,icon_global,icon_global,tmin,2,1116,1116
2025-01,icon_global,icon_global,tmin,3,1116,1116
2025-01,icon_global,icon_global,tmin,4,1116,1116
2025-01,icon_global,icon_global,tmin,5,1116,1116
2025-01,icon_global,icon_global,tmin,6,1116,1116
2025-01,icon_global,icon_global,tmin,7,1116,0
