experiment,model,variable,lead,reason,n_excluded
A1,ecmwf_ifs025,tmax,1,B,144
A1,ecmwf_ifs025,tmax,2,B,180
A1,ecmwf_ifs025,tmax,3,B,216
A1,ecmwf_ifs025,tmax,4,B,252
A1,ecmwf_ifs025,tmax,5,B,288
A1,ecmwf_ifs025,tmax,6,B,324
A1,ecmwf_ifs025,tmax,7,B,360
A1,ecmwf_ifs025,tmin,1,B,144
A1,ecmwf_ifs025,tmin,2,B,180
A1,ecmwf_ifs025,tmin,3,B,216
A1,ecmwf_ifs025,tmin,4,B,252
A1,ecmwf_ifs025,tmin,5,B,288
A1,ecmwf_ifs025,tmin,6,B,324
A1,ecmwf_ifs025,tmin,7,B,360
A1,icon_global,tmax,1,C,144
A1,icon_global,tmax,3,C,144
A1,icon_global,tmax,4,C,144
A1,icon_global,tmax,5,C,144
A1,icon_global,tmax,6,C,144
A1,icon_global,tmax,7,A,33948
A1,icon_global,tmin,1,C,144
A1,icon_global,tmin,3,C,144
A1,icon_global,tmin,4,C,144
A1,icon_global,tmin,5,C,144
A1,icon_global,tmin,6,C,144
A1,icon_global,tmin,7,A,33948
A2,ecmwf_ifs025,tmax,1,B,144
A2,ecmwf_ifs025,tmax,1,E,747
A2,ecmwf_ifs025,tmax,1,F,2269
A2,ecmwf_ifs025,tmax,1,G,28170
A2,ecmwf_ifs025,tmax,2,B,180
A2,ecmwf_ifs025,tmax,2,E,745
A2,ecmwf_ifs025,tmax,2,F,2268
A2,ecmwf_ifs025,tmax,2,G,28140
A2,ecmwf_ifs025,tmax,3,B,216
A2,ecmwf_ifs025,tmax,3,E,743
A2,ecmwf_ifs025,tmax,3,F,2267
A2,ecmwf_ifs025,tmax,3,G,28110
A2,ecmwf_ifs025,tmax,4,B,252
A2,ecmwf_ifs025,tmax,4,E,742
A2,ecmwf_ifs025,tmax,4,F,2265
A2,ecmwf_ifs025,tmax,4,G,28080
A2,ecmwf_ifs025,tmax,5,B,288
A2,ecmwf_ifs025,tmax,5,E,740
A2,ecmwf_ifs025,tmax,5,F,2264
A2,ecmwf_ifs025,tmax,5,G,28050
A2,ecmwf_ifs025,tmax,6,B,324
A2,ecmwf_ifs025,tmax,6,E,738
A2,ecmwf_ifs025,tmax,6,F,2264
A2,ecmwf_ifs025,tmax,6,G,28020
A2,ecmwf_ifs025,tmax,7,B,360
A2,ecmwf_ifs025,tmax,7,E,736
A2,ecmwf_ifs025,tmax,7,F,2262
A2,ecmwf_ifs025,tmax,7,G,27990
A2,ecmwf_ifs025,tmin,1,B,144
A2,ecmwf_ifs025,tmin,1,E,747
A2,ecmwf_ifs025,tmin,1,F,2269
A2,ecmwf_ifs025,tmin,1,G,28170
A2,ecmwf_ifs025,tmin,2,B,180
A2,ecmwf_ifs025,tmin,2,E,745
A2,ecmwf_ifs025,tmin,2,F,2268
A2,ecmwf_ifs025,tmin,2,G,28140
A2,ecmwf_ifs025,tmin,3,B,216
A2,ecmwf_ifs025,tmin,3,E,743
A2,ecmwf_ifs025,tmin,3,F,2267
A2,ecmwf_ifs025,tmin,3,G,28110
A2,ecmwf_ifs025,tmin,4,B,252
A2,ecmwf_ifs025,tmin,4,E,742
A2,ecmwf_ifs025,tmin,4,F,2265
A2,ecmwf_ifs025,tmin,4,G,28080
A2,ecmwf_ifs025,tmin,5,B,288
A2,ecmwf_ifs025,tmin,5,E,740
A2,ecmwf_ifs025,tmin,5,F,2264
A2,ecmwf_ifs025,tmin,5,G,28050
A2,ecmwf_ifs025,tmin,6,B,324
A2,ecmwf_ifs025,tmin,6,E,738
A2,ecmwf_ifs025,tmin,6,F,2264
A2,ecmwf_ifs025,tmin,6,G,28020
A2,ecmwf_ifs025,tmin,7,B,360
A2,ecmwf_ifs025,tmin,7,E,736
A2,ecmwf_ifs025,tmin,7,F,2262
A2,ecmwf_ifs025,tmin,7,G,27990
A2,gfs_global,tmax,1,E,755
A2,gfs_global,tmax,1,F,2273
A2,gfs_global,tmax,1,G,28290
A2,gfs_global,tmax,2,E,755
A2,gfs_global,tmax,2,F,2273
A2,gfs_global,tmax,2,G,28290
A2,gfs_global,tmax,3,E,755
A2,gfs_global,tmax,3,F,2273
A2,gfs_global,tmax,3,G,28290
A2,gfs_global,tmax,4,E,755
A2,gfs_global,tmax,4,F,2273
A2,gfs_global,tmax,4,G,28290
A2,gfs_global,tmax,5,E,755
A2,gfs_global,tmax,5,F,2273
A2,gfs_global,tmax,5,G,28290
A2,gfs_global,tmax,6,E,755
A2,gfs_global,tmax,6,F,2273
A2,gfs_global,tmax,6,G,28290
A2,gfs_global,tmax,7,E,755
A2,gfs_global,tmax,7,F,2273
A2,gfs_global,tmax,7,G,28290
A2,gfs_global,tmin,1,E,755
A2,gfs_global,tmin,1,F,2273
A2,gfs_global,tmin,1,G,28290
A2,gfs_global,tmin,2,E,755
A2,gfs_global,tmin,2,F,2273
A2,gfs_global,tmin,2,G,28290
A2,gfs_global,tmin,3,E,755
A2,gfs_global,tmin,3,F,2273
A2,gfs_global,tmin,3,G,28290
A2,gfs_global,tmin,4,E,755
A2,gfs_global,tmin,4,F,2273
A2,gfs_global,tmin,4,G,28290
A2,gfs_global,tmin,5,E,755
A2,gfs_global,tmin,5,F,2273
A2,gfs_global,tmin,5,G,28290
A2,gfs_global,tmin,6,E,755
A2,gfs_global,tmin,6,F,2273
A2,gfs_global,tmin,6,G,28290
A2,gfs_global,tmin,7,E,755
A2,gfs_global,tmin,7,F,2273
A2,gfs_global,tmin,7,G,28290
A2,icon_global,tmax,1,C,144
A2,icon_global,tmax,1,E,751
A2,icon_global,tmax,1,F,2264
A2,icon_global,tmax,1,G,28170
A2,icon_global,tmax,2,E,755
A2,icon_global,tmax,2,F,2273
A2,icon_global,tmax,2,G,28290
A2,icon_global,tmax,3,C,144
A2,icon_global,tmax,3,E,751
A2,icon_global,tmax,3,F,2264
A2,icon_global,tmax,3,G,28170
A2,icon_global,tmax,4,C,144
A2,icon_global,tmax,4,E,751
A2,icon_global,tmax,4,F,2264
A2,icon_global,tmax,4,G,28170
A2,icon_global,tmax,5,C,144
A2,icon_global,tmax,5,E,751
A2,icon_global,tmax,5,F,2264
A2,icon_global,tmax,5,G,28170
A2,icon_global,tmax,6,C,144
A2,icon_global,tmax,6,E,751
A2,icon_global,tmax,6,F,2264
A2,icon_global,tmax,6,G,28170
A2,icon_global,tmax,7,A,33948
A2,icon_global,tmin,1,C,144
A2,icon_global,tmin,1,E,751
A2,icon_global,tmin,1,F,2264
A2,icon_global,tmin,1,G,28170
A2,icon_global,tmin,2,E,755
A2,icon_global,tmin,2,F,2273
A2,icon_global,tmin,2,G,28290
A2,icon_global,tmin,3,C,144
A2,icon_global,tmin,3,E,751
A2,icon_global,tmin,3,F,2264
A2,icon_global,tmin,3,G,28170
A2,icon_global,tmin,4,C,144
A2,icon_global,tmin,4,E,751
A2,icon_global,tmin,4,F,2264
A2,icon_global,tmin,4,G,28170
A2,icon_global,tmin,5,C,144
A2,icon_global,tmin,5,E,751
A2,icon_global,tmin,5,F,2264
A2,icon_global,tmin,5,G,28170
A2,icon_global,tmin,6,C,144
A2,icon_global,tmin,6,E,751
A2,icon_global,tmin,6,F,2264
A2,icon_global,tmin,6,G,28170
A2,icon_global,tmin,7,A,33948
A3,ecmwf_ifs025,precip_0830,1,B,108
A3,ecmwf_ifs025,precip_0830,1,E,8784
A3,ecmwf_ifs025,precip_0830,1,G,1392
A3,ecmwf_ifs025,precip_0830,2,B,144
A3,ecmwf_ifs025,precip_0830,2,E,8784
A3,ecmwf_ifs025,precip_0830,2,G,1390
A3,ecmwf_ifs025,precip_0830,3,B,180
A3,ecmwf_ifs025,precip_0830,3,E,8784
A3,ecmwf_ifs025,precip_0830,3,G,1388
A3,ecmwf_ifs025,precip_0830,4,B,216
A3,ecmwf_ifs025,precip_0830,4,E,8784
A3,ecmwf_ifs025,precip_0830,4,G,1386
A3,ecmwf_ifs025,precip_0830,5,B,252
A3,ecmwf_ifs025,precip_0830,5,C,216
A3,ecmwf_ifs025,precip_0830,5,E,8568
A3,ecmwf_ifs025,precip_0830,5,G,1384
A3,ecmwf_ifs025,precip_0830,6,B,288
A3,ecmwf_ifs025,precip_0830,6,E,8784
A3,ecmwf_ifs025,precip_0830,6,G,1382
A3,ecmwf_ifs025,precip_0830,7,B,324
A3,ecmwf_ifs025,precip_0830,7,C,216
A3,ecmwf_ifs025,precip_0830,7,E,8568
A3,ecmwf_ifs025,precip_0830,7,G,1380
A3,gfs_global,precip_0830,1,E,8784
A3,gfs_global,precip_0830,1,G,1398
A3,gfs_global,precip_0830,2,E,8784
A3,gfs_global,precip_0830,2,G,1398
A3,gfs_global,precip_0830,3,E,8784
A3,gfs_global,precip_0830,3,G,1398
A3,gfs_global,precip_0830,4,E,8784
A3,gfs_global,precip_0830,4,G,1398
A3,gfs_global,precip_0830,5,E,8784
A3,gfs_global,precip_0830,5,G,1398
A3,gfs_global,precip_0830,6,E,8784
A3,gfs_global,precip_0830,6,G,1398
A3,gfs_global,precip_0830,7,E,8784
A3,gfs_global,precip_0830,7,G,1398
A3,icon_global,precip_0830,1,C,180
A3,icon_global,precip_0830,1,E,8604
A3,icon_global,precip_0830,1,G,1398
A3,icon_global,precip_0830,2,C,180
A3,icon_global,precip_0830,2,E,8604
A3,icon_global,precip_0830,2,G,1398
A3,icon_global,precip_0830,3,E,8784
A3,icon_global,precip_0830,3,G,1398
A3,icon_global,precip_0830,4,E,8784
A3,icon_global,precip_0830,4,G,1398
A3,icon_global,precip_0830,5,E,8784
A3,icon_global,precip_0830,5,G,1398
A3,icon_global,precip_0830,6,C,180
A3,icon_global,precip_0830,6,E,8604
A3,icon_global,precip_0830,6,G,1398
A3,icon_global,precip_0830,7,A,33948
A4,ecmwf_ifs025,precip,1,B,144
A4,ecmwf_ifs025,precip,2,B,180
A4,ecmwf_ifs025,precip,3,B,216
A4,ecmwf_ifs025,precip,4,B,252
A4,ecmwf_ifs025,precip,5,B,288
A4,ecmwf_ifs025,precip,5,C,252
A4,ecmwf_ifs025,precip,6,B,324
A4,ecmwf_ifs025,precip,7,B,360
A4,ecmwf_ifs025,precip,7,C,252
A4,icon_global,precip,1,C,144
A4,icon_global,precip,2,C,144
A4,icon_global,precip,6,C,144
A4,icon_global,precip,7,A,33948
